id,phone,full_name,role,created_at,updated_at,email,encrypted_password,reset_password_token,reset_password_sent_at,remember_created_at,confirmation_token,confirmed_at,confirmation_sent_at,unconfirmed_email,failed_attempts,unlock_token,locked_at
1,0326222333,Admin User 2,admin,2022-08-03 05:46:43 UTC,2022-08-03 09:08:18 UTC,test@gmail.com,$2a$12$zpKKp6EszNY6zqHJ6logOuyzNLuuR7orT0yzp2v8SaL6xvkVZGDKy,,,,HNvFxWzpKku-YDwAzAe8,2022-08-03 13:04:34 UTC,2022-08-03 05:46:43 UTC,,0,,
3,,Lasandra Ratke Jr.,normal,2022-08-03 05:46:47 UTC,2022-08-03 05:46:47 UTC,example-2@railstutorial.org,$2a$12$jtUOZi8gl8TyuE49wX0gIO3gRJdGkHOfXFhhD4gVfSqSaxKLB8foS,,,,AjBJGGFv_NsygJyw4VCy,,2022-08-03 05:46:47 UTC,,0,,
4,,Dr. Percy Schiller,normal,2022-08-03 05:46:49 UTC,2022-08-03 05:46:49 UTC,example-3@railstutorial.org,$2a$12$dyO/73Fv.mIuTDxtIMj4Hu0aDMing3NYzIa0V1k/fA8su9z5VT98u,,,,SEyXo4jDi2_KUWi6Z6BA,,2022-08-03 05:46:49 UTC,,0,,
5,,Bernardo Cummings,normal,2022-08-03 05:46:51 UTC,2022-08-03 05:46:51 UTC,example-4@railstutorial.org,$2a$12$B4CVrf80VM/SxkOkoiLO3es0BRJc522o6Ryw9BI9JKDXbJQ/SsaPG,,,,SzREok1ki18pvZPkBieB,,2022-08-03 05:46:51 UTC,,0,,
6,,Lenny Goyette,normal,2022-08-03 05:46:52 UTC,2022-08-03 05:46:52 UTC,example-5@railstutorial.org,$2a$12$43Bl0EGILBz/X/YoevXWJ.QehVMZNnfx.oHqT3CroRca67DtORs0e,,,,WZPAwwT6k9_sAxrqetBs,,2022-08-03 05:46:52 UTC,,0,,
7,,Jeannine Wilderman,normal,2022-08-03 05:46:54 UTC,2022-08-03 05:46:54 UTC,example-6@railstutorial.org,$2a$12$StI0h8RPyF9zpDGP20LF6.QWMok9iqvYA.e3DnGEoCG4uZWaQn08a,,,,yJW-JNWLjLh5UeUxssKJ,,2022-08-03 05:46:54 UTC,,0,,
8,,Refugia Upton,normal,2022-08-03 05:46:55 UTC,2022-08-03 05:46:55 UTC,example-7@railstutorial.org,$2a$12$I3wTwxSdnyMw9zRIZrliPe7S4ovZNMiz61taWJkvwr3RAPP8GJHVC,,,,gv7LjN37hLZetcgyWmPm,,2022-08-03 05:46:55 UTC,,0,,
9,,Ms. Alida Ortiz,normal,2022-08-03 05:46:57 UTC,2022-08-03 05:46:57 UTC,example-8@railstutorial.org,$2a$12$MhNSb.tiH4CMFs7jfOOkVerF1lKEgWBI4Ns1Y4LHAmbI.aFZVAb4y,,,,HsWAvNasr38fqwi1zPsB,,2022-08-03 05:46:57 UTC,,0,,
10,,Antione Dibbert,normal,2022-08-03 05:46:59 UTC,2022-08-03 05:46:59 UTC,example-9@railstutorial.org,$2a$12$Sxx5SCZmLe6DvRJqKiLF4eVPJEJrXJpBIw68dQ4gf1gWMHQSBOWs.,,,,Qh3C-oE9rafhTRbzTKxz,,2022-08-03 05:46:59 UTC,,0,,
11,,Lupe Zulauf IV,normal,2022-08-03 05:47:00 UTC,2022-08-03 05:47:00 UTC,example-10@railstutorial.org,$2a$12$EGo391df1p5lTAGFqk6oNOsizbfOyOpJagA8vBT1x.tCjhFsc2Yz6,,,,R7xmzzFzyYXBmWLgkAM-,,2022-08-03 05:47:00 UTC,,0,,
12,,Floyd Stokes,normal,2022-08-03 05:47:02 UTC,2022-08-03 05:47:02 UTC,example-11@railstutorial.org,$2a$12$4jwOsMR3oGQu6Rm5J2pC6eJNCmvtOlYkQpnli4xGRQZiPH05K0wIO,,,,5bYHc_QT4Pbv2CF4473m,,2022-08-03 05:47:02 UTC,,0,,
13,,Vance Schultz Sr.,normal,2022-08-03 05:47:04 UTC,2022-08-03 05:47:04 UTC,example-12@railstutorial.org,$2a$12$UZ6PmLdeX3XgZ63uGne48uj4wZ.ohZbjphnwUkO7M.WR9oDe..sHq,,,,qbyzZxiE7rQfPyCQPUnt,,2022-08-03 05:47:04 UTC,,0,,
14,,Florene O'Reilly,normal,2022-08-03 05:47:05 UTC,2022-08-03 05:47:05 UTC,example-13@railstutorial.org,$2a$12$pZ3VlEa8uzCdgW9xWEY28uSUdJIEDBNaeBnUDN7APYWKKS4SWeADu,,,,r3vdgMpReGHd4AzXFbp-,,2022-08-03 05:47:05 UTC,,0,,
15,,Mrs. Carolin Maggio,normal,2022-08-03 05:47:07 UTC,2022-08-03 05:47:07 UTC,example-14@railstutorial.org,$2a$12$208cVlkVVCI2g75QNa.38OagCeU5AvEFTN2x1Q2aGz3hqy/jBpDAa,,,,me1h1GkKJF8kSndxvDEW,,2022-08-03 05:47:07 UTC,,0,,
16,,Suzan Kuhic III,normal,2022-08-03 05:47:09 UTC,2022-08-03 05:47:09 UTC,example-15@railstutorial.org,$2a$12$zkQe6KgPfOrSNfr97uVRweBpCU0nlXp/2uI9YdDYItwc2rcUUGwcm,,,,yKhrD1Zy_zVg-Gg6YysN,,2022-08-03 05:47:09 UTC,,0,,
17,,Domenic Marvin,normal,2022-08-03 05:47:10 UTC,2022-08-03 05:47:10 UTC,example-16@railstutorial.org,$2a$12$LCYrGzPmDauW2aXPznVsleSLbJoKf7ThtyVazjrB1d/ekRvDyzcHO,,,,FUQptbHRK9ik8NQH6M2S,,2022-08-03 05:47:10 UTC,,0,,
18,,Dr. Gabrielle Fadel,normal,2022-08-03 05:47:12 UTC,2022-08-03 05:47:12 UTC,example-17@railstutorial.org,$2a$12$o0SLHW0bN7OXvCtn7nXZeO7XPQZ6ipu4VaR.foG0aDIsQfjeXopeK,,,,FYS1jzDwesrQDUahGnzh,,2022-08-03 05:47:12 UTC,,0,,
19,,Miss Dylan Quigley,normal,2022-08-03 05:47:14 UTC,2022-08-03 05:47:14 UTC,example-18@railstutorial.org,$2a$12$/A1EYxzW446JeP8Ro02nNOY.pFpnf5HZU2zVHyV7gRwLqNFeExrwa,,,,psS_SukunRFHQvDdtRk4,,2022-08-03 05:47:14 UTC,,0,,
20,,Alan Corwin Sr.,normal,2022-08-03 05:47:15 UTC,2022-08-03 05:47:15 UTC,example-19@railstutorial.org,$2a$12$Jb/BtiOHjFtngfkplJP12OuDuSRizNuyn80JdJWVk0U4x7.OAZLnW,,,,rtYxZ5vGq7FzPK1R5oy8,,2022-08-03 05:47:15 UTC,,0,,
21,,Joy Murazik DDS,normal,2022-08-03 05:47:17 UTC,2022-08-03 05:47:17 UTC,example-20@railstutorial.org,$2a$12$89BjRGPGJJCsB8ShuOvUX.Pgrq8wi65wsk6JWLbpSd.AFYPhgJwju,,,,Gzu6Wa1v939agqBbkuZ3,,2022-08-03 05:47:17 UTC,,0,,
22,,Evangelina Walsh,normal,2022-08-03 05:47:18 UTC,2022-08-03 05:47:18 UTC,example-21@railstutorial.org,$2a$12$gm0WnGOtgkesVh6haXoznu9pe3IsOzvezm1sVX9mxs6TeH/MFO6u6,,,,E2LdTKxsb89fKs3fxvG7,,2022-08-03 05:47:18 UTC,,0,,
23,,Thomasine Zboncak,normal,2022-08-03 05:47:20 UTC,2022-08-03 05:47:20 UTC,example-22@railstutorial.org,$2a$12$hCoJqSYayervD4JZGVIG2OOyRJh5rwFokMpNihFlxHY/CG2H8Veym,,,,exJYYsz2RDXcj_Gu1XPC,,2022-08-03 05:47:20 UTC,,0,,
24,,Patrick Yundt,normal,2022-08-03 05:47:22 UTC,2022-08-03 05:47:22 UTC,example-23@railstutorial.org,$2a$12$8HcjdIfqgL2NbWZYC7LrTOwZxXISl3xs87wVI0.hX6iv7GgKFWzD2,,,,MFyJqszaacQQRcyfijd3,,2022-08-03 05:47:22 UTC,,0,,
25,,Eli Mertz,normal,2022-08-03 05:47:23 UTC,2022-08-03 05:47:23 UTC,example-24@railstutorial.org,$2a$12$gr67uNvX4NEutLUieBU8Ru0tLNiPpBDaf4G1nrKV2scci1SxXYJw6,,,,urDcTC8ZWT_VBPBuby_d,,2022-08-03 05:47:23 UTC,,0,,
26,,Dr. Johnsie Mann,normal,2022-08-03 05:47:25 UTC,2022-08-03 05:47:25 UTC,example-25@railstutorial.org,$2a$12$xKxz4e7UysfYsi45uqdAqekSy3.SHmRN44o/lJB3qgjNJlgCMR5qW,,,,zDezc5T8-qWwsJGss43-,,2022-08-03 05:47:25 UTC,,0,,
27,,Margrett Muller,normal,2022-08-03 05:47:26 UTC,2022-08-03 05:47:26 UTC,example-26@railstutorial.org,$2a$12$d0OWfA8x2Pwj2aOCflklTesQX2MLoSglKR9qbO3DcMMaxe4g9SOj.,,,,bzy1RUyAuQ4PXd3wz1aM,,2022-08-03 05:47:26 UTC,,0,,
28,,Lester Zemlak,normal,2022-08-03 05:47:28 UTC,2022-08-03 05:47:28 UTC,example-27@railstutorial.org,$2a$12$g/xEPjNEmvUH7awMzsWLuet7AF1RWkRJhqTYrK/fNXQm7.6b/rzTu,,,,7sDqTiexKbr5mMJxFymY,,2022-08-03 05:47:28 UTC,,0,,
29,,Frances Abshire,normal,2022-08-03 05:47:30 UTC,2022-08-03 05:47:30 UTC,example-28@railstutorial.org,$2a$12$UO77CYtgPUexQwGiGH.RO.v89OCLQikazn6d1vHIfxII5QJj/0I5S,,,,CwVqY9zPnVG-oCyQj6zp,,2022-08-03 05:47:30 UTC,,0,,
30,,Miss Tyrell Crooks,normal,2022-08-03 05:47:31 UTC,2022-08-03 05:47:31 UTC,example-29@railstutorial.org,$2a$12$UkD.t/P05cLQowL82B459OnCsWmHSgmPoEDaeXE.v2AjOVgQiVS6W,,,,SLuxFGbyT5MC3ADqygc5,,2022-08-03 05:47:31 UTC,,0,,
31,,Cliff Greenfelder,normal,2022-08-03 05:47:33 UTC,2022-08-03 05:47:33 UTC,example-30@railstutorial.org,$2a$12$LgQmZOgUcabHUe1n0oEFZOQZoA8rdI1jGoMwAfa3ZUOCxpXbb8LP.,,,,J-CHjHtKyt31QxzijHsk,,2022-08-03 05:47:33 UTC,,0,,
32,,Tyler Moen,normal,2022-08-03 05:47:35 UTC,2022-08-03 05:47:35 UTC,example-31@railstutorial.org,$2a$12$7iW56wue2pX3jIN5QqvHmOeDw.bZeoUKaLIv2HrVn5wkrwrq4KZH2,,,,AbXXvwokXqUfsuLk35GK,,2022-08-03 05:47:35 UTC,,0,,
33,,Virgilio Skiles,normal,2022-08-03 05:47:37 UTC,2022-08-03 05:47:37 UTC,example-32@railstutorial.org,$2a$12$LqIs/m9tFZvJagiU47EhX.emdmgGCuN2II6jB/Y7/Vy4Z2Ft8o0am,,,,NySRAUKKrEa5Gp_y6sQf,,2022-08-03 05:47:37 UTC,,0,,
34,,Mohammad Schuppe,normal,2022-08-03 05:47:38 UTC,2022-08-03 05:47:38 UTC,example-33@railstutorial.org,$2a$12$2PvqufKmWfCbQOVwMqXzJO2JJYfiWHXuSyzgaKQYrAJ83p/5dsltS,,,,ikxxa_yeGLxsVY_K582b,,2022-08-03 05:47:38 UTC,,0,,
35,,Tracy Mraz II,normal,2022-08-03 05:47:40 UTC,2022-08-03 05:47:40 UTC,example-34@railstutorial.org,$2a$12$mmlq7xy8kW/EfEAGGHoSCOXoXGQ7Wxurq.2/Hlxansn5uRDKEhm7u,,,,m_ctNz_y-K9nczvt1Dor,,2022-08-03 05:47:40 UTC,,0,,
36,,Mitchell Casper,normal,2022-08-03 05:47:41 UTC,2022-08-03 05:47:41 UTC,example-35@railstutorial.org,$2a$12$skfMGdX2tqLoyXkl8uHVBu1gmNUu43vgtYcjGpXJUd7tDHEowbf7u,,,,RQiKntghGzSqEx_TjsTR,,2022-08-03 05:47:41 UTC,,0,,
37,,Babette Windler,normal,2022-08-03 05:47:43 UTC,2022-08-03 05:47:43 UTC,example-36@railstutorial.org,$2a$12$TYewEdDQmUm0VFvt3U3jjuYdS51JLqED4syOqsgjLPHDrQVYSgfte,,,,_fuU-jWjyZgzusBnDUv4,,2022-08-03 05:47:43 UTC,,0,,
38,,Damian Ebert,normal,2022-08-03 05:47:45 UTC,2022-08-03 05:47:45 UTC,example-37@railstutorial.org,$2a$12$puyJqSUD1N86Dhv6KwblGO7MaGO9iwqepWEZbfQN.4Dls6rFJY9xW,,,,kotExPmEu8ySqFBxtwSx,,2022-08-03 05:47:45 UTC,,0,,
39,,Shayne Dickinson,normal,2022-08-03 05:47:46 UTC,2022-08-03 05:47:46 UTC,example-38@railstutorial.org,$2a$12$xf54gfs4LicaE5qFHeDpTejSq4VftrPOhgPyTMipx8nqGYoyds5AC,,,,6xAzrivEd9Ufnk3qoQyS,,2022-08-03 05:47:46 UTC,,0,,
40,,Felipe Kuhic,normal,2022-08-03 05:47:48 UTC,2022-08-03 05:47:48 UTC,example-39@railstutorial.org,$2a$12$Ij9JTjHfY3vnICEzXeInbuKWHl4NCqQBEZf0EhLk7Pt51soEAwgqK,,,,4HwbfH2vL_RoNGCRd7kQ,,2022-08-03 05:47:48 UTC,,0,,
41,,Elenore O'Reilly MD,normal,2022-08-03 05:47:50 UTC,2022-08-03 05:47:50 UTC,example-40@railstutorial.org,$2a$12$yTEB.mxiKoJrpMsZ34nPm.ixpI0ypnGXQIlHgwQfij3V/w9uk2a8S,,,,anGFG6zebS_zy8Xyxx_C,,2022-08-03 05:47:50 UTC,,0,,
42,,Dr. Annelle Herman,normal,2022-08-03 05:47:51 UTC,2022-08-03 05:47:51 UTC,example-41@railstutorial.org,$2a$12$RT0539OwDAx1d8CFoif6RetBdXQS8PhrNvwaAuF2i7d.U5498H19O,,,,MLXBTFdMKLd9hntHAxxh,,2022-08-03 05:47:51 UTC,,0,,
43,,Mrs. Sheldon Hammes,normal,2022-08-03 05:47:53 UTC,2022-08-03 05:47:53 UTC,example-42@railstutorial.org,$2a$12$DilV/SlIlblWnL2pJzd/zO4x3tVUJm9n5WGS0CwNnuLkUqsa/TiHq,,,,dqXKmWMeq4Dw9QReTiv3,,2022-08-03 05:47:53 UTC,,0,,
44,,Jeremiah Hand,normal,2022-08-03 05:47:54 UTC,2022-08-03 05:47:54 UTC,example-43@railstutorial.org,$2a$12$MSZixcKjoMJMV2f//5dFfOFFVMc2dUBnf7tjgutaCKMYaHqmyMBvq,,,,CzHM9SY1_J19yxkJLRbk,,2022-08-03 05:47:54 UTC,,0,,
45,,Jaime Stanton,normal,2022-08-03 05:47:56 UTC,2022-08-03 05:47:56 UTC,example-44@railstutorial.org,$2a$12$T1bpQ0hHkfwZAdkC447P8ef.GEPcZtpGt25QCG3qVPqDhhR.Ty2SK,,,,stF7jZagvm6iA3mssc_m,,2022-08-03 05:47:56 UTC,,0,,
46,,Meaghan Oberbrunner,normal,2022-08-03 05:47:58 UTC,2022-08-03 05:47:58 UTC,example-45@railstutorial.org,$2a$12$hApMvxTeJXz8R/Cxt2FCdulsYdKH5N0l0mMod5mkBa1lzuGjQaNAu,,,,d9rCjVFVUzQ6HehjcK71,,2022-08-03 05:47:58 UTC,,0,,
47,,Laquita Abshire,normal,2022-08-03 05:47:59 UTC,2022-08-03 05:47:59 UTC,example-46@railstutorial.org,$2a$12$RapBJVhc8kzCGwZR.wISseuWgts7XMBc9pUPU4lzOVQzTou4wNZrK,,,,G5BLmCNLW9xaMUKFzNEk,,2022-08-03 05:47:59 UTC,,0,,
48,,Shayne Wolff DDS,normal,2022-08-03 05:48:01 UTC,2022-08-03 05:48:01 UTC,example-47@railstutorial.org,$2a$12$ovJb/DKiK54S4xZjI8Gr0Ocf29G/n8a61EwnrTKQw74FjS2vMsN4C,,,,YhzSXf2jcx7FrZpWPyof,,2022-08-03 05:48:01 UTC,,0,,
49,,Velva Grady V,normal,2022-08-03 05:48:02 UTC,2022-08-03 05:48:02 UTC,example-48@railstutorial.org,$2a$12$9X/KZ2/.keRtXN73EZJV9uUiNbn/4r5kguKkkgHFvj4E8Q6Mg0eRa,,,,xZvhbQKy9eU4uHho-SnZ,,2022-08-03 05:48:02 UTC,,0,,
50,,Mrs. Edmundo Gerhold,normal,2022-08-03 05:48:04 UTC,2022-08-03 05:48:04 UTC,example-49@railstutorial.org,$2a$12$Tpj1Ki3yBcTnc3/d54Lvlu2hlYO5a8AS/SxxRkbydmRGudbt8ii6m,,,,yGizs4w6XLHwyJyz19Cy,,2022-08-03 05:48:04 UTC,,0,,
51,,Ronald Lindgren,normal,2022-08-03 05:48:06 UTC,2022-08-03 05:48:06 UTC,example-50@railstutorial.org,$2a$12$f6rtRQqWINBpl1utXFWFC.9S9hkKoF4IpLfIvdINMQsVu1xn1ky12,,,,nsZxXf8xMLxNQnwnizH2,,2022-08-03 05:48:06 UTC,,0,,
52,,Wes Cassin DVM,normal,2022-08-03 05:48:07 UTC,2022-08-03 05:48:07 UTC,example-51@railstutorial.org,$2a$12$I2wWA9cmjl6sm1noqWpVc.6eZ1rWFaV53maUbEhR8Vdesw/47JnBS,,,,z_vExwj-y3TSPNygyKEu,,2022-08-03 05:48:07 UTC,,0,,
53,,Tijuana Gerlach,normal,2022-08-03 05:48:09 UTC,2022-08-03 05:48:09 UTC,example-52@railstutorial.org,$2a$12$W3ulh9GKlKhLHgtSxYIKueMNpKThySKDN0KMtMSyl4ryPdDN0S90q,,,,yG6sxMdsfb2xAw_PYCZC,,2022-08-03 05:48:09 UTC,,0,,
54,,Vince Gleichner,normal,2022-08-03 05:48:11 UTC,2022-08-03 05:48:11 UTC,example-53@railstutorial.org,$2a$12$8R4W2sLIEOS8M5FSOvf91O8WAdmLEZtcTZ8qfuZKGz3BGYQhU71Aa,,,,WpLVs-xh-mMEVL9yLM8F,,2022-08-03 05:48:11 UTC,,0,,
55,,Margarete Cummings,normal,2022-08-03 05:48:12 UTC,2022-08-03 05:48:12 UTC,example-54@railstutorial.org,$2a$12$kSbWt7FhlMU8V7RNNkNraeR8GpFT3ujxJ1Q9YG8li53hxlMlrQxSO,,,,xKL197GmU7ZwAkLxAc3K,,2022-08-03 05:48:12 UTC,,0,,
56,,Antoine Kirlin,normal,2022-08-03 05:48:14 UTC,2022-08-03 05:48:14 UTC,example-55@railstutorial.org,$2a$12$IDVb3NaZL6DvniaSfU7yaulHG/wZvgANA646dViG2QGBIhGo7sPyK,,,,Zfx2ungv2srvC5viyXK9,,2022-08-03 05:48:14 UTC,,0,,
57,,Kurtis Franecki,normal,2022-08-03 05:48:16 UTC,2022-08-03 05:48:16 UTC,example-56@railstutorial.org,$2a$12$IXLXAflQgifTn3kzyTcBhuWPOWlmhoMrf9CJaPWg2TYW4991yVLxW,,,,7evbgXxEs-4xC-YiCe8T,,2022-08-03 05:48:16 UTC,,0,,
58,,Alessandra O'Conner,normal,2022-08-03 05:48:17 UTC,2022-08-03 05:48:17 UTC,example-57@railstutorial.org,$2a$12$nAOLefptBM6wayeelsO0KOWptEj71hj/6bAhYJfU1TubGxcfRnqyG,,,,hqYGRnZpy3UXmF_r5MK2,,2022-08-03 05:48:17 UTC,,0,,
59,,Ms. Rosaline Bednar,normal,2022-08-03 05:48:19 UTC,2022-08-03 05:48:19 UTC,example-58@railstutorial.org,$2a$12$RsvZhpDajds9ZoOLuadvKeQl5RP9LgXp6eCYCNPdMtLQiVhKlLKO6,,,,qyh1ENZy7f4ppetSktFQ,,2022-08-03 05:48:19 UTC,,0,,
60,,Mrs. Carroll Bins,normal,2022-08-03 05:48:20 UTC,2022-08-03 05:48:20 UTC,example-59@railstutorial.org,$2a$12$bb6PVszoxDhsFe1lpOeDfOUOM7x2ytNj2lBV/6D.S4c1rfiZHTdby,,,,LP4rfXs5wSyyA7NtCBsd,,2022-08-03 05:48:20 UTC,,0,,
61,,Mr. Belkis Lubowitz,normal,2022-08-03 05:48:22 UTC,2022-08-03 05:48:22 UTC,example-60@railstutorial.org,$2a$12$niznJatfxvNkPYSeWEHQCOnDoNnSJcZw8wC4OAIEMjguDWy6Ldcni,,,,P5T5a7rncS_gMzsBu4fz,,2022-08-03 05:48:22 UTC,,0,,
62,,Mr. Lindsy Muller,normal,2022-08-03 05:48:24 UTC,2022-08-03 05:48:24 UTC,example-61@railstutorial.org,$2a$12$nhEGfo/CQ.gqyW6n2CDQNeUxr4wl4wwULSzlyR9ia6s52ej40goZu,,,,3eHUqWgxSH26Bwxbx5kk,,2022-08-03 05:48:24 UTC,,0,,
63,,Mrs. Dallas Runte,normal,2022-08-03 05:48:25 UTC,2022-08-03 05:48:25 UTC,example-62@railstutorial.org,$2a$12$vYElXWFQ8BvZu6lTXXmb..cM5M8Zh3o8eyT5QdfYUR3mMqI6oSMcW,,,,DXRZt8r7GZQD3h7kNMRN,,2022-08-03 05:48:25 UTC,,0,,
64,,Mr. Roy Nader,normal,2022-08-03 05:48:27 UTC,2022-08-03 05:48:27 UTC,example-63@railstutorial.org,$2a$12$Evz2iN3OZO3G0VcPg0wLLugzlXGQo4ApfW915Ok4xh.FaAayvkX0m,,,,wjzCfKsxrgsAX25meXhk,,2022-08-03 05:48:27 UTC,,0,,
65,,Jess Kessler,normal,2022-08-03 05:48:29 UTC,2022-08-03 05:48:29 UTC,example-64@railstutorial.org,$2a$12$5LASVx/W9WbCv8LfUXUbiO91GdAZP76tzL26PaNIhAEk5R8SB21DS,,,,oD9c7zDnKAZPxnUz97wg,,2022-08-03 05:48:29 UTC,,0,,
66,,Ernest Howell,normal,2022-08-03 05:48:31 UTC,2022-08-03 05:48:31 UTC,example-65@railstutorial.org,$2a$12$F/0s68.QyME1CNrf1kVfN.dAAGNPayT3K4dxqJwN3aapS9BKdRdEi,,,,sCBzpDaCu12xJjZp_TNz,,2022-08-03 05:48:31 UTC,,0,,
67,,Lorelei Crona,normal,2022-08-03 05:48:33 UTC,2022-08-03 05:48:33 UTC,example-66@railstutorial.org,$2a$12$DAzrjuJCwGgJshRFpx6CXOEgq5VFJFHnVegaaW7DJbMeFzPFMXJ4C,,,,pVJXoGPVT24hhJfc1fxk,,2022-08-03 05:48:33 UTC,,0,,
68,,Rich Kutch,normal,2022-08-03 05:48:34 UTC,2022-08-03 05:48:34 UTC,example-67@railstutorial.org,$2a$12$fpl91HXKt4oS1RnMBepmlea5AY/ZApgozyX5lew1G9XaD3fThKlE2,,,,th7Wu9xiQyhLsgaasUhF,,2022-08-03 05:48:34 UTC,,0,,
69,,Myron Skiles,normal,2022-08-03 05:48:36 UTC,2022-08-03 05:48:36 UTC,example-68@railstutorial.org,$2a$12$OegJGFUAPlupg9m.Az25BuMFczBJCu/VrCjhKWaSEDSXC/aRvlKBO,,,,Mpsm34Z8HpvkSFugyT3v,,2022-08-03 05:48:36 UTC,,0,,
70,,Giuseppe Becker,normal,2022-08-03 05:48:38 UTC,2022-08-03 05:48:38 UTC,example-69@railstutorial.org,$2a$12$GH9RfIEkAFKHVpj8nSy8VuPFcCk.zKdpZqHy0xoXB08RBCWCOvkru,,,,izRisQjFE7nV55Zp7wTH,,2022-08-03 05:48:38 UTC,,0,,
71,,Lou Torphy,normal,2022-08-03 05:48:39 UTC,2022-08-03 05:48:39 UTC,example-70@railstutorial.org,$2a$12$FJM3BQqcCfE4eVH.3dbd5uKci/fQm7vcKX5tcLQDEJqyi5O66FO4G,,,,9fz3hPUJXrs3m-hT2U8c,,2022-08-03 05:48:39 UTC,,0,,
72,,Dr. Lorrine Pacocha,normal,2022-08-03 05:48:41 UTC,2022-08-03 05:48:41 UTC,example-71@railstutorial.org,$2a$12$sD7koYpZabwrzTa690DQGeR7sxSZd/LZsWq5jZ8alnJJsYZDJrybm,,,,tNsbRn3gk7nKWYqCd1eC,,2022-08-03 05:48:41 UTC,,0,,
73,,Lorenzo McKenzie,normal,2022-08-03 05:48:42 UTC,2022-08-03 05:48:42 UTC,example-72@railstutorial.org,$2a$12$mdjohQ1PdKjPotl6izeXAeqs3Ysf2kdykrBzQO0JuPUfzyGH5Mz/e,,,,ndxzngwsNBdSudTqEvTp,,2022-08-03 05:48:42 UTC,,0,,
74,,Terrence Reichel,normal,2022-08-03 05:48:44 UTC,2022-08-03 05:48:44 UTC,example-73@railstutorial.org,$2a$12$waI.g60QfjxmnA2uD.u6Ge6LB8cWhexi1hhvKqzjPWYc5aCjWfEeS,,,,XzKaqTubFCyNEExqZze8,,2022-08-03 05:48:44 UTC,,0,,
75,,Leonardo Fahey DVM,normal,2022-08-03 05:48:46 UTC,2022-08-03 05:48:46 UTC,example-74@railstutorial.org,$2a$12$14oNPNBHLV6ALtg.ak3LdOttv/E0vA5t3pTpAnweh2KuD2uFXyKo6,,,,TuhuWMJWG4bAKuyYg8c5,,2022-08-03 05:48:46 UTC,,0,,
76,,Juan Mitchell,normal,2022-08-03 05:48:47 UTC,2022-08-03 05:48:47 UTC,example-75@railstutorial.org,$2a$12$2hQ3YToUI4XlNns2ypMrw.0dg/.ZEjaU5i1.1EOr/BWi9Mlyvt6OS,,,,MqB2opYd7ajppSPztJwL,,2022-08-03 05:48:47 UTC,,0,,
77,,Mr. Dane Rath,normal,2022-08-03 05:48:49 UTC,2022-08-03 05:48:49 UTC,example-76@railstutorial.org,$2a$12$XB5ioSqlldFAp45dJdVMGumDX5/mdx0HsW1WXMFpBWdyQ9LZxwtDS,,,,zcwvGK5smjoCSYpzaRoM,,2022-08-03 05:48:49 UTC,,0,,
78,,Jackie Harber Sr.,normal,2022-08-03 05:48:50 UTC,2022-08-03 05:48:50 UTC,example-77@railstutorial.org,$2a$12$7HwATpPopWvWoyI2ZHsXKuRhihyiII9VAewHMXJYueha1/uthT1hG,,,,SW18B7CioKjy7kxWkw5o,,2022-08-03 05:48:50 UTC,,0,,
79,,Danette Hamill,normal,2022-08-03 05:48:52 UTC,2022-08-03 05:48:52 UTC,example-78@railstutorial.org,$2a$12$44L/8/U6Vj/vLkvsrH32y.1JXkWXplTeFea7iQwLIEkpAJt2apPHa,,,,J4SRrgL-9ef_3yBYTJRN,,2022-08-03 05:48:52 UTC,,0,,
80,,Elsie Schiller,normal,2022-08-03 05:48:53 UTC,2022-08-03 05:48:53 UTC,example-79@railstutorial.org,$2a$12$UBbPtBqbACmFvUkHT8MxD.OUW45ylOhdstVnW/9G5/SlDmbjzFu8e,,,,A-e_y8DeQ7YvtEUx_FRy,,2022-08-03 05:48:53 UTC,,0,,
81,,Gregory Rice DDS,normal,2022-08-03 05:48:55 UTC,2022-08-03 05:48:55 UTC,example-80@railstutorial.org,$2a$12$z75JpusBldI.hnz2Y70Jbu5WslaTZHWUM3xK/qJmGbqJg7O4Kggla,,,,RsTwyjh3h8yG412iyHCp,,2022-08-03 05:48:55 UTC,,0,,
82,,Brendon Oberbrunner,normal,2022-08-03 05:48:56 UTC,2022-08-03 05:48:56 UTC,example-81@railstutorial.org,$2a$12$ckHymTLZ8oeLJ7Bmb4q/qelUBU54henVD1KB0cNB2ZrlV.Z535iYy,,,,fe_HTSD2DdMfBHSGHVkb,,2022-08-03 05:48:56 UTC,,0,,
83,,Tamera Dicki,normal,2022-08-03 05:48:59 UTC,2022-08-03 05:48:59 UTC,example-82@railstutorial.org,$2a$12$on5MczxcOQmP83hasZjM..cUnkUycQqnSgviRL7UN7N1NtO1FYNne,,,,ps5BFk4qpXCwMxUszxgj,,2022-08-03 05:48:59 UTC,,0,,
84,,Augustus Schowalter I,normal,2022-08-03 05:49:01 UTC,2022-08-03 05:49:01 UTC,example-83@railstutorial.org,$2a$12$stMcTBpY6QWV3uverrGw2OG1q34lKgo9ZhktXcZ4PzgPaZXYJ6bW.,,,,vRnXnxHHhPeLpZfy7Esz,,2022-08-03 05:49:01 UTC,,0,,
85,,Maragaret Weber,normal,2022-08-03 05:49:02 UTC,2022-08-03 05:49:02 UTC,example-84@railstutorial.org,$2a$12$btP/AxwjIS9kIPy.YVqVL.fZT7BkrrSlZvyNg9bGQBsM9k4EvatnG,,,,y9GSnBR-JJsaZcxSFfEY,,2022-08-03 05:49:02 UTC,,0,,
86,,Judson Bernier,normal,2022-08-03 05:49:04 UTC,2022-08-03 05:49:04 UTC,example-85@railstutorial.org,$2a$12$BPKPo4j4DTfSjzjAp5Mqp.VAGpTU/h2r9kLDolOW1dwlN39Ihb7WS,,,,DPh6w4NrfxACdSg7QDsM,,2022-08-03 05:49:04 UTC,,0,,
87,,Colby Hoppe,normal,2022-08-03 05:49:06 UTC,2022-08-03 05:49:06 UTC,example-86@railstutorial.org,$2a$12$0jKWvJxm6AvAMcc8hH39oeMFf2oo2Qa/C3TYkenN4DJ9Syy2Ph1Sy,,,,B3pTBu96SB973TtxeMDi,,2022-08-03 05:49:06 UTC,,0,,
88,,Ben Rath,normal,2022-08-03 05:49:07 UTC,2022-08-03 05:49:07 UTC,example-87@railstutorial.org,$2a$12$KZswfSVowUXoKszSEVRGNO2fgDJYZOA2r2MA2IQ0FyP0kccWM2aYC,,,,UwyovxfSbS5TYvrJwoZe,,2022-08-03 05:49:07 UTC,,0,,
89,,Berniece Torphy MD,normal,2022-08-03 05:49:09 UTC,2022-08-03 05:49:09 UTC,example-88@railstutorial.org,$2a$12$ML0EFPDTGizH.WZtla8t1esZ9p9jaiFBhLDyAZ6rqCsGiSt84.MYG,,,,e37ysYq9k29_ec5ZecZy,,2022-08-03 05:49:09 UTC,,0,,
90,,Porsche Sauer,normal,2022-08-03 05:49:10 UTC,2022-08-03 05:49:10 UTC,example-89@railstutorial.org,$2a$12$R3ZrKKmdDIB8Gw2MpIzINugmjcBFwY8rfDT1L4OxBQULnu9kcHhRO,,,,XZou_vsYUTXjuhB_hDMT,,2022-08-03 05:49:10 UTC,,0,,
91,,Mrs. Ken Becker,normal,2022-08-03 05:49:12 UTC,2022-08-03 05:49:12 UTC,example-90@railstutorial.org,$2a$12$GVkniYdzKdR3fOzQmTjy8OGqe9BjARUTvK02WeaQHI.I61JV3/b9e,,,,bBkVHW1sbys1rLaMQTQo,,2022-08-03 05:49:12 UTC,,0,,
92,,Cris Hills,normal,2022-08-03 05:49:14 UTC,2022-08-03 05:49:14 UTC,example-91@railstutorial.org,$2a$12$xi6KSRfA6Z4jNGSYy1KTj.P.W.z3UyuWJ.px1mu2ZKU4Or.pclNom,,,,xwxVyuzDTQ-JejTNUpsk,,2022-08-03 05:49:14 UTC,,0,,
93,,Blake Langosh,normal,2022-08-03 05:49:15 UTC,2022-08-03 05:49:15 UTC,example-92@railstutorial.org,$2a$12$hYJFtddZ7zI6WBEIsEhU9uopBHAKMGsGjt/rkfphFwTJsk8f8t4.C,,,,9MxCSf6q1TzUHz-mX2k5,,2022-08-03 05:49:15 UTC,,0,,
94,,Blair Keeling,normal,2022-08-03 05:49:17 UTC,2022-08-03 05:49:17 UTC,example-93@railstutorial.org,$2a$12$2t9ENakytsrhOXSEO4Zlnujx0U0kvtaLFDwHBfOa8Qs8gvZdUklB2,,,,MEqxPP29hTk6H6rPDcLi,,2022-08-03 05:49:17 UTC,,0,,
95,,Kayce Ebert DVM,normal,2022-08-03 05:49:19 UTC,2022-08-03 05:49:19 UTC,example-94@railstutorial.org,$2a$12$P2hypKA5ahgPjza.79gE4uZK0MYYHEV8/VtDAUym6CbEVUtmAVlui,,,,Bcs7ezzCqUcsPsiVhW7Q,,2022-08-03 05:49:19 UTC,,0,,
96,,Jeremy Reynolds,normal,2022-08-03 05:49:20 UTC,2022-08-03 05:49:20 UTC,example-95@railstutorial.org,$2a$12$EXdYBrI8BxhQLMPFOHgVt./xKHYiaTVO1MDmx68SO5iHmTqBGLIo.,,,,cZyEFAPDde1UbUXyxypc,,2022-08-03 05:49:20 UTC,,0,,
97,,Elvia Huels,normal,2022-08-03 05:49:22 UTC,2022-08-03 05:49:22 UTC,example-96@railstutorial.org,$2a$12$71YDm5mqQTHnYstLk1mkgOBl.S1wn/TpHjp8aDEaC2xsGVp/nzie6,,,,DoJ-D9qWSkjyRqzHF61m,,2022-08-03 05:49:22 UTC,,0,,
98,,Miss Galen Kshlerin,normal,2022-08-03 05:49:23 UTC,2022-08-03 05:49:23 UTC,example-97@railstutorial.org,$2a$12$rQu2R.crMol7DGIXTyEGFeDy72dHoGTua66ZVqvNbsEiyAR/B.rHO,,,,NHjUuQjp7EZiLyBEF4Qy,,2022-08-03 05:49:23 UTC,,0,,
99,,Brant Kohler,normal,2022-08-03 05:49:25 UTC,2022-08-03 05:49:25 UTC,example-98@railstutorial.org,$2a$12$NRVgDG7GgiwxjJcnyjDfwezJQvtH.jYTnxUfmntkIGtWrnDMW6SBC,,,,WiY1ASioqCqTp9ArLS6N,,2022-08-03 05:49:25 UTC,,0,,
100,,Buford Metz,normal,2022-08-03 05:49:26 UTC,2022-08-03 05:49:26 UTC,example-99@railstutorial.org,$2a$12$aBOVYFm.Ve0/bmPABfDee.Z5UTE5lcoMvrTYA/eeZyTLJVLURjdgq,,,,7BMDjyWcGfU6S5zXiuEm,,2022-08-03 05:49:26 UTC,,0,,
101,,DASDSA,normal,2022-08-03 06:39:06 UTC,2022-08-03 08:49:10 UTC,test1@gmail.com,$2a$12$lcf8x9S9mCSAY69VU6dF6.nErpJqB3AoJCv/Hfq7aKqubbrPaTFZu,,,,rDhKY5jJxDm3h53maK8A,,2022-08-03 06:39:06 UTC,,0,,
102,,phamnaminter@gmail.com,normal,2022-08-03 08:52:18 UTC,2022-08-03 10:02:02 UTC,phamnaminter@gmail.com,$2a$12$Uz4/cXkqWwM1iDEB03AMB.GCCSbYt/XcSSgZCMQhdR6q8eJlINI2i,8fd89b1a698fc1da8220fbc3f934c0aabda28a1552d5a159340232bdb240a4e9,2022-08-03 10:00:53 UTC,,,,,,13,1d855c47ab4cabf8b1d67288a182dc5554229d71daf0c5ce46344507b6a554e4,2022-08-03 10:01:51 UTC
103,,Nam Employee,normal,2022-08-03 14:44:36 UTC,2022-08-03 14:44:39 UTC,test3@gmail.com,$2a$12$dkAse4NdbxJSAT6EsYfiyudm5UwWkn2/qtWeUS7F5u61YKfI0Nfuu,,,,,,,,0,,
