id,name,description,created_at,updated_at
1,Alethea McKenzie,Nobis et velit voluptatibus dolorum.,2022-08-03 05:46:45 UTC,2022-08-03 05:46:45 UTC
2,Sandra Grimes,Adipisci officia doloribus consequatur ut.,2022-08-03 05:46:45 UTC,2022-08-03 05:46:45 UTC
3,Leif Harvey,Iure est ut quibusdam non.,2022-08-03 05:46:45 UTC,2022-08-03 05:46:45 UTC
4,Reanna Johnston,Doloremque qui odit quibusdam odio.,2022-08-03 05:46:45 UTC,2022-08-03 05:46:45 UTC
5,Trula Schmeler,Tempora inventore nulla sapiente esse.,2022-08-03 05:46:45 UTC,2022-08-03 05:46:45 UTC
6,Marcos Feest,Quia ullam nulla atque distinctio.,2022-08-03 05:46:45 UTC,2022-08-03 05:46:45 UTC
7,Dr. Dodie Altenwerth,Quas excepturi est autem voluptas.,2022-08-03 05:46:45 UTC,2022-08-03 05:46:45 UTC
8,Porfirio Veum,Ea vitae harum natus sequi.,2022-08-03 05:46:45 UTC,2022-08-03 05:46:45 UTC
9,Williams Volkman,Cumque id inventore illum delectus.,2022-08-03 05:46:45 UTC,2022-08-03 05:46:45 UTC
10,Thaddeus Mayer,Iusto explicabo architecto ad aliquid.,2022-08-03 05:46:45 UTC,2022-08-03 05:46:45 UTC
11,Ciara Waters,Enim itaque facilis excepturi ut.,2022-08-03 05:46:45 UTC,2022-08-03 05:46:45 UTC
12,Nikita Fahey PhD,Doloribus exercitationem quia voluptates in.,2022-08-03 05:46:45 UTC,2022-08-03 05:46:45 UTC
13,Walker Hirthe,Esse dolorem odio culpa cum.,2022-08-03 05:46:45 UTC,2022-08-03 05:46:45 UTC
14,Saundra McKenzie,Aliquam sed est laudantium ea.,2022-08-03 05:46:45 UTC,2022-08-03 05:46:45 UTC
15,Anthony Blick,Eligendi velit rerum voluptatibus voluptatem.,2022-08-03 05:46:45 UTC,2022-08-03 05:46:45 UTC
16,Ellie Reynolds,Dolorem placeat aut non ipsam.,2022-08-03 05:46:45 UTC,2022-08-03 05:46:45 UTC
17,Gaylord Brekke II,Sit ut delectus harum dolor.,2022-08-03 05:46:45 UTC,2022-08-03 05:46:45 UTC
18,Ariane Hartmann,Eaque maxime perferendis eum qui.,2022-08-03 05:46:45 UTC,2022-08-03 05:46:45 UTC
19,Lucia Fritsch,Maiores pariatur aliquid veniam eveniet.,2022-08-03 05:46:45 UTC,2022-08-03 05:46:45 UTC
20,Berenice Funk,Beatae fugiat ipsam molestiae incidunt.,2022-08-03 05:46:45 UTC,2022-08-03 05:46:45 UTC
21,Tyree O'Reilly,Libero est et iure tempora.,2022-08-03 05:46:45 UTC,2022-08-03 05:46:45 UTC
22,Darrin Wolff PhD,Accusantium nemo ducimus perferendis illum.,2022-08-03 05:46:45 UTC,2022-08-03 05:46:45 UTC
23,Miss Malka Paucek,Nam qui voluptatem aut quisquam.,2022-08-03 05:46:45 UTC,2022-08-03 05:46:45 UTC
24,Tonja Kutch IV,Velit et facere maxime veniam.,2022-08-03 05:46:45 UTC,2022-08-03 05:46:45 UTC
25,Ninfa Hagenes,Magnam iusto dolor dolore ut.,2022-08-03 05:46:45 UTC,2022-08-03 05:46:45 UTC
26,Lashaun McClure DDS,Voluptatem nemo repellendus beatae et.,2022-08-03 05:46:45 UTC,2022-08-03 05:46:45 UTC
27,Robert Cummerata,In error repellat commodi ratione.,2022-08-03 05:46:45 UTC,2022-08-03 05:46:45 UTC
28,Earlean Lueilwitz,Quo ipsam ut libero rerum.,2022-08-03 05:46:45 UTC,2022-08-03 05:46:45 UTC
29,Lacy Satterfield,Debitis distinctio recusandae doloremque ut.,2022-08-03 05:46:45 UTC,2022-08-03 05:46:45 UTC
30,Damion Wilderman IV,Eaque temporibus asperiores omnis eos.,2022-08-03 05:46:45 UTC,2022-08-03 05:46:45 UTC
31,Mr. Estell Koch,Et vel in nihil id.,2022-08-03 05:46:45 UTC,2022-08-03 05:46:45 UTC
32,Julio Bartoletti,Maxime repudiandae dicta quaerat voluptatem.,2022-08-03 05:46:45 UTC,2022-08-03 05:46:45 UTC
33,Tomeka Goyette DDS,Tenetur quam nobis odit illo.,2022-08-03 05:46:45 UTC,2022-08-03 05:46:45 UTC
34,Blair Rodriguez Sr.,Ratione officiis praesentium dolorem nesciunt.,2022-08-03 05:46:45 UTC,2022-08-03 05:46:45 UTC
35,Hilton Ortiz I,Exercitationem enim ullam molestiae porro.,2022-08-03 05:46:45 UTC,2022-08-03 05:46:45 UTC
36,Lesia Ebert III,Sunt iusto velit numquam provident.,2022-08-03 05:46:45 UTC,2022-08-03 05:46:45 UTC
37,Bob Feeney,Facilis cupiditate est quod velit.,2022-08-03 05:46:45 UTC,2022-08-03 05:46:45 UTC
38,Judie Hane,Soluta dolorum quis perspiciatis natus.,2022-08-03 05:46:45 UTC,2022-08-03 05:46:45 UTC
39,Zack Greenfelder I,Quo laudantium ab doloremque recusandae.,2022-08-03 05:46:45 UTC,2022-08-03 05:46:45 UTC
40,Sharmaine Pfeffer,Dolor tempore libero quisquam pariatur.,2022-08-03 05:46:45 UTC,2022-08-03 05:46:45 UTC
41,Giovanna Pfannerstill DVM,Enim facere labore culpa magnam.,2022-08-03 05:46:45 UTC,2022-08-03 05:46:45 UTC
42,Charlena Marvin,Quia dolore rerum iusto excepturi.,2022-08-03 05:46:45 UTC,2022-08-03 05:46:45 UTC
43,Scott Beahan,Voluptate quo atque repudiandae ut.,2022-08-03 05:46:45 UTC,2022-08-03 05:46:45 UTC
44,Leroy Gleichner,Et consequatur sed accusantium nihil.,2022-08-03 05:46:45 UTC,2022-08-03 05:46:45 UTC
45,Joi Metz,Est consequatur impedit soluta fuga.,2022-08-03 05:46:45 UTC,2022-08-03 05:46:45 UTC
46,Arlen Walker,Et voluptate aspernatur provident ut.,2022-08-03 05:46:45 UTC,2022-08-03 05:46:45 UTC
47,Palmer Pacocha,Vel sed quae nemo natus.,2022-08-03 05:46:45 UTC,2022-08-03 05:46:45 UTC
48,Bryant Renner DDS,Vitae in perspiciatis possimus suscipit.,2022-08-03 05:46:45 UTC,2022-08-03 05:46:45 UTC
49,Kendall Cruickshank,Ut in ab laudantium qui.,2022-08-03 05:46:45 UTC,2022-08-03 05:46:45 UTC
50,Rocky Krajcik,Eum occaecati quia in impedit.,2022-08-03 05:46:45 UTC,2022-08-03 05:46:45 UTC
51,Carey Hartmann III,Provident qui repellat reprehenderit sint.,2022-08-03 05:46:45 UTC,2022-08-03 05:46:45 UTC
52,Mrs. Nicolle Renner,Voluptatibus officiis optio et iusto.,2022-08-03 05:46:45 UTC,2022-08-03 05:46:45 UTC
53,Mana Jenkins,Blanditiis quos quae sunt unde.,2022-08-03 05:46:45 UTC,2022-08-03 05:46:45 UTC
54,Damian Mueller,Ducimus ea minus itaque commodi.,2022-08-03 05:46:45 UTC,2022-08-03 05:46:45 UTC
55,Zona Fritsch,Eligendi sed sed incidunt ratione.,2022-08-03 05:46:45 UTC,2022-08-03 05:46:45 UTC
56,Elmer Gislason,Quo facere et rerum dolor.,2022-08-03 05:46:45 UTC,2022-08-03 05:46:45 UTC
57,Melissia Feil DVM,In quia nisi totam voluptas.,2022-08-03 05:46:45 UTC,2022-08-03 05:46:45 UTC
58,Luther Hodkiewicz,Est repellat in id maxime.,2022-08-03 05:46:45 UTC,2022-08-03 05:46:45 UTC
59,Myra Lehner I,Incidunt aut dolore et eum.,2022-08-03 05:46:45 UTC,2022-08-03 05:46:45 UTC
60,Franklin Schimmel,Fugiat aspernatur qui dolorem blanditiis.,2022-08-03 05:46:45 UTC,2022-08-03 05:46:45 UTC
61,Loyd Carroll,Et omnis expedita molestiae ut.,2022-08-03 05:46:45 UTC,2022-08-03 05:46:45 UTC
62,Mr. Joey Lueilwitz,Possimus voluptatum eos velit aut.,2022-08-03 05:46:45 UTC,2022-08-03 05:46:45 UTC
63,Brooks Blick,Eum rerum quos reiciendis vitae.,2022-08-03 05:46:45 UTC,2022-08-03 05:46:45 UTC
64,Heath Schulist,Molestiae minima aut eos adipisci.,2022-08-03 05:46:45 UTC,2022-08-03 05:46:45 UTC
65,Dr. Prince Weimann,Consequatur fugit neque perferendis voluptas.,2022-08-03 05:46:45 UTC,2022-08-03 05:46:45 UTC
66,Clint Kuvalis Sr.,Possimus cupiditate sint aspernatur quibusdam.,2022-08-03 05:46:45 UTC,2022-08-03 05:46:45 UTC
67,Ellan Feeney,Provident nihil fugiat distinctio aut.,2022-08-03 05:46:45 UTC,2022-08-03 05:46:45 UTC
68,Chi Miller,Iusto maiores ipsam saepe veritatis.,2022-08-03 05:46:45 UTC,2022-08-03 05:46:45 UTC
69,Mervin Feest,Ut et eius unde eum.,2022-08-03 05:46:45 UTC,2022-08-03 05:46:45 UTC
70,Otha Ryan,Ut omnis quaerat facilis et.,2022-08-03 05:46:45 UTC,2022-08-03 05:46:45 UTC
71,Mr. Barrett Bergstrom,Nobis quia unde sint ipsum.,2022-08-03 05:46:45 UTC,2022-08-03 05:46:45 UTC
72,Mrs. Trisha Vandervort,Et eos voluptatem ut qui.,2022-08-03 05:46:45 UTC,2022-08-03 05:46:45 UTC
73,Graham Casper,Quidem aut numquam laboriosam nihil.,2022-08-03 05:46:45 UTC,2022-08-03 05:46:45 UTC
74,Erica Langosh DVM,In culpa ducimus tempora corporis.,2022-08-03 05:46:45 UTC,2022-08-03 05:46:45 UTC
75,Riley Halvorson,Enim et minima quos est.,2022-08-03 05:46:45 UTC,2022-08-03 05:46:45 UTC
76,Adella Rice,In quasi sit debitis consequatur.,2022-08-03 05:46:45 UTC,2022-08-03 05:46:45 UTC
77,Thuy Orn,Corrupti tempora totam voluptatibus quia.,2022-08-03 05:46:45 UTC,2022-08-03 05:46:45 UTC
78,Archie Grant MD,Incidunt aliquam beatae nisi dolor.,2022-08-03 05:46:45 UTC,2022-08-03 05:46:45 UTC
79,Miss Marguerita Goldner,Odio quisquam tempore temporibus qui.,2022-08-03 05:46:45 UTC,2022-08-03 05:46:45 UTC
80,Guillermo Brakus,Et mollitia quisquam temporibus necessitatibus.,2022-08-03 05:46:45 UTC,2022-08-03 05:46:45 UTC
81,Maximo Walker,Error modi et fugit aliquam.,2022-08-03 05:46:45 UTC,2022-08-03 05:46:45 UTC
82,Clelia Greenholt III,Veritatis vero voluptatem aut perferendis.,2022-08-03 05:46:45 UTC,2022-08-03 05:46:45 UTC
83,Tawnya Ledner,Consequuntur et deleniti voluptatem dolor.,2022-08-03 05:46:45 UTC,2022-08-03 05:46:45 UTC
84,Niesha Ratke,Odio enim architecto et ut.,2022-08-03 05:46:45 UTC,2022-08-03 05:46:45 UTC
85,Geraldo Roob Sr.,Expedita sunt dolor animi libero.,2022-08-03 05:46:45 UTC,2022-08-03 05:46:45 UTC
86,Tashina Effertz,Quam optio accusantium enim eius.,2022-08-03 05:46:45 UTC,2022-08-03 05:46:45 UTC
87,Antwan Bosco,Perferendis fugiat rem dolor neque.,2022-08-03 05:46:45 UTC,2022-08-03 05:46:45 UTC
88,Wen Reinger,Adipisci molestias expedita quasi dolor.,2022-08-03 05:46:45 UTC,2022-08-03 05:46:45 UTC
89,Sanda Gottlieb I,Et temporibus et voluptas doloribus.,2022-08-03 05:46:45 UTC,2022-08-03 05:46:45 UTC
90,Randolph Halvorson,Nihil modi debitis omnis quia.,2022-08-03 05:46:45 UTC,2022-08-03 05:46:45 UTC
91,Kendall Pagac,Qui repellendus atque aliquid ratione.,2022-08-03 05:46:45 UTC,2022-08-03 05:46:45 UTC
92,Leontine Bosco,Quos labore sed dolor odio.,2022-08-03 05:46:45 UTC,2022-08-03 05:46:45 UTC
93,Rory Koss,Atque ratione optio iure harum.,2022-08-03 05:46:45 UTC,2022-08-03 05:46:45 UTC
94,Mr. Karrie Orn,Deleniti est dolor nesciunt atque.,2022-08-03 05:46:45 UTC,2022-08-03 05:46:45 UTC
95,Alex Sporer,Unde provident et et aspernatur.,2022-08-03 05:46:45 UTC,2022-08-03 05:46:45 UTC
96,Dr. Adelina Weber,Minima ea dicta adipisci ut.,2022-08-03 05:46:45 UTC,2022-08-03 05:46:45 UTC
97,Miss Arden Carroll,Eveniet et quisquam ut consequatur.,2022-08-03 05:46:45 UTC,2022-08-03 05:46:45 UTC
98,Cari Spencer,Quisquam minima reprehenderit voluptatibus exercitationem.,2022-08-03 05:46:46 UTC,2022-08-03 05:46:46 UTC
99,Oliver Jakubowski,Mollitia architecto et quisquam nostrum.,2022-08-03 05:46:46 UTC,2022-08-03 05:46:46 UTC
100,fnjsanfsanfksda,"fafasfs fdsaf dsf dsafds
fjklsjfka
2) 
3) fsafsa
54_ flafffas
fal;fklsdkf;as",2022-08-03 15:40:31 UTC,2022-08-03 15:40:31 UTC
